TeamId;ES L1 LW;ES L1 C;ES L1 RW;ES L1 LD;ES L1 RD;ES L2 LW;ES L2 C;ES L2 RW;ES L2 LD;ES L2 RD;ES L3 LW;ES L3 C;ES L3 RW;ES L3 LD;ES L3 RD;ES L4 LW;ES L4 C;ES L4 RW;ES L4 LD;ES L4 RD;PP5on4 L1 LW;PP5on4 L1 C;PP5on4 L1 RW;PP5on4 L1 LD;PP5on4 L1 RD;PP5on4 L2 LW;PP5on4 L2 C;PP5on4 L2 RW;PP5on4 L2 LD;PP5on4 L2 RD;PP5on3 L1 LW;PP5on3 L1 C;PP5on3 L1 RW;PP5on3 L1 LD;PP5on3 L1 RD;PP5on3 L2 LW;PP5on3 L2 C;PP5on3 L2 RW;PP5on3 L2 LD;PP5on3 L2 RD;PP4on3 L1 F1;PP4on3 L1 F2;PP4on3 L1 LD;PP4on3 L1 RD;PP4on3 L2 F1;PP4on3 L2 F2;PP4on3 L2 LD;PP4on3 L2 RD;PK4on5 L1 F1;PK4on5 L1 F2;PK4on5 L1 LD;PK4on5 L1 RD;PK4on5 L2 F1;PK4on5 L2 F2;PK4on5 L2 LD;PK4on5 L2 LD;PK4on5 L3 F1;PK4on5 L3 F2;PK4on5 L3 LD;PK4on5 L3 LD;PK3on5 L1 F1;PK3on5 L1 LD;PK3on5 L1 RD;PK3on5 L2 F1;PK3on5 L2 LD;PK3on5 L2 LD;PK3on4 L1 F1;PK3on4 L1 LD;PK3on4 L1 RD;PK3on4 L2 F1;PK3on4 L2 LD;PK3on4 L2 LD;4on4 L1 F1;4on4 L1 F2;4on4 L1 LD;4on4 L1 RD;4on4 L2 F1;4on4 L2 F2;4on4 L2 LD;4on4 L2 LD;3on3 L1 F1;3on3 L1 LD;3on3 L1 RD;3on3 L2 F1;3on3 L2 LD;3on3 L2 LD;Shootout 1;Shootout 2;Shootout 3;Shootout 4;Shootout 5;Goalie 1;Goalie 2;Extra Attacker 1;Extra Attacker 2;
0;1018;254;1171;1062;98;306;1275;271;1725;1498;1377;415;1196;514;1883;317;109;253;;;1018;254;271;1062;1498;1171;1275;253;98;514;1018;254;271;1062;1498;1171;1275;253;98;1725;253;271;1018;1062;306;1171;98;1498;415;1377;1725;98;1275;1196;1062;1883;1018;254;514;1498;1377;1725;98;415;1062;1883;415;1725;98;1377;1062;1883;1171;1018;1062;98;306;254;1725;1498;1171;1018;1062;254;306;98;1018;1171;271;1062;253;72;2135;1018;1171;;;;
1;88;873;1214;888;1185;297;977;249;884;440;430;1083;1019;301;61;47;364;;1163;;88;873;977;888;249;297;1083;1214;61;364;88;873;977;888;249;297;1083;1214;61;364;873;88;888;249;977;1214;61;297;1083;430;440;1185;364;1214;301;884;47;;61;888;1083;440;1185;1214;301;884;1083;440;1185;1214;301;884;873;1214;888;1185;977;88;301;440;873;1214;1185;977;88;888;977;364;430;1083;1019;1388;108;873;977;;;;
3;889;693;872;280;1164;651;1174;810;663;682;1971;413;55;243;1009;1566;288;636;;;651;693;872;1174;280;889;413;810;1164;663;651;693;872;1174;280;889;413;810;1164;663;1174;693;872;280;651;810;55;1164;413;636;663;682;889;288;243;1164;651;810;1009;280;636;663;682;413;243;1009;636;663;682;413;243;1009;1174;693;280;1164;889;872;663;682;1174;693;280;889;872;663;1174;693;651;872;810;1238;780;693;1174;;;;
4;358;987;1093;727;1283;1000;70;1455;1108;141;1175;985;946;541;1092;5;881;656;;;358;70;1175;987;1283;1000;985;1093;141;727;358;70;1175;987;1283;1000;985;1093;141;727;358;70;1175;1283;1093;987;1455;141;1093;1455;727;1092;1000;985;1108;1283;656;987;541;141;1093;727;1092;1455;1108;1283;1093;727;1092;1455;1108;1283;1093;987;727;1283;70;1455;1108;141;1093;987;1283;70;1455;141;1093;987;881;358;70;731;995;987;70;;;;
6;928;1078;438;143;859;941;25;1024;943;291;597;707;666;452;1141;299;604;1311;;;928;1078;438;291;143;941;25;1024;597;859;928;1078;943;291;143;941;25;1024;597;859;928;1078;438;143;941;25;291;1024;707;666;943;859;597;1024;1141;291;1078;438;452;143;707;943;859;597;452;291;707;943;859;597;452;291;928;1078;859;143;1024;25;943;291;928;1078;143;1024;25;291;941;597;928;25;1078;388;732;1078;928;;;;
7;1063;1054;875;1642;23;1413;119;1343;1577;1400;765;1404;1685;1453;1753;1482;1860;754;;;1063;119;875;1400;23;765;1860;1343;1054;1753;1063;119;875;1400;23;765;1860;1343;1054;1753;875;1063;119;1400;765;1343;1860;23;1685;1054;1577;23;119;1404;1642;1753;1413;1343;1400;1453;1054;1577;23;1685;1642;1753;1054;1577;23;1685;1642;1753;875;1063;1642;23;119;1054;1577;1400;875;1063;23;119;1054;1400;1343;1404;1063;875;119;1230;978;1063;875;;;;
8;464;1069;1140;761;117;1568;874;794;948;145;1197;503;1375;600;9;531;462;744;;;874;1069;1140;503;117;1568;462;794;531;761;874;1069;1140;503;117;1568;462;794;531;761;1069;1140;874;117;462;503;531;761;464;1197;761;117;794;1568;948;145;531;744;600;9;464;761;117;1197;948;145;464;761;117;1197;948;145;1069;1140;761;117;1568;464;948;145;1069;1140;117;1568;464;761;1069;1140;744;462;464;951;1665;1568;1140;;;;
9;255;758;676;1365;1562;159;289;10;787;369;85;864;573;691;1420;371;118;226;;;255;758;10;1365;676;573;289;159;787;85;255;758;10;1365;676;573;289;159;787;85;758;255;1365;159;289;10;787;573;864;226;691;369;118;371;1365;1562;;;;;864;691;369;118;1365;1562;864;691;369;118;1365;1562;758;255;1365;1562;289;10;787;369;758;255;1365;289;10;1562;758;159;10;676;289;999;801;758;255;;;;
10;611;627;907;1170;63;689;947;1130;244;123;1819;125;529;375;1512;1403;688;1963;;;1819;627;907;125;1170;611;947;1130;63;375;1819;627;907;125;1170;611;947;1130;63;375;907;627;125;1170;611;1819;689;63;947;529;244;123;1130;611;1170;1512;689;688;63;375;947;244;123;529;1170;1512;947;244;123;529;1170;1512;907;627;1170;63;947;611;244;123;907;627;1170;947;611;63;907;611;125;63;689;385;1001;627;611;;;;
11;115;1317;878;1514;1055;971;1059;586;1183;1191;628;1167;1047;355;654;278;163;914;;;878;1059;115;1317;1055;586;1167;971;1514;1191;878;1059;115;1317;1055;586;1167;971;1514;1191;878;586;971;1055;1059;1047;115;1191;163;278;1183;355;628;914;654;1191;;;;;628;1183;1191;914;654;1055;628;1183;1191;914;654;1055;1317;1059;1183;1055;878;586;654;1191;1059;1317;1055;878;586;1191;115;1047;878;1317;971;354;674;1059;1317;;;;
12;345;233;1309;843;1098;1262;1046;234;346;151;89;152;203;1584;170;357;18;1387;;;1262;233;1309;1046;1584;89;152;234;357;1098;1262;233;1309;1046;1584;89;152;234;357;843;1046;233;152;1584;1262;357;234;843;1387;18;843;1098;345;233;346;151;1046;152;1584;170;18;843;1098;1387;346;151;18;843;1098;1387;346;151;1046;233;843;1098;18;152;346;151;1046;233;1098;18;152;843;233;152;1262;1309;18;808;396;233;1387;;;;
15;1036;848;285;836;910;949;661;721;871;419;1385;1588;1660;1808;1293;1513;648;724;;;949;661;285;848;910;1513;1588;648;1036;419;949;661;285;848;910;1513;1588;648;1036;419;661;285;949;910;1513;848;648;419;721;724;836;910;848;1588;871;419;1036;1385;1808;1293;721;836;910;724;871;419;721;836;910;724;871;419;285;848;836;910;1036;721;871;419;285;848;910;1036;721;419;1036;285;848;661;721;890;745;848;285;;;;
16;71;867;1213;953;1032;94;1583;883;1296;566;1232;139;290;0;403;294;855;832;;;71;867;1213;290;1032;94;1583;883;139;566;71;867;1213;290;1032;94;1583;883;139;566;71;867;290;1032;94;1583;1213;566;139;290;953;566;1232;855;0;403;294;1583;;;290;953;566;139;0;403;290;953;566;139;0;403;71;867;953;1032;1583;290;1296;566;71;867;1032;1583;290;953;71;883;1232;1032;832;983;127;867;71;;;;
17;1042;19;305;338;1179;1074;147;1051;240;433;124;1255;792;457;236;988;1050;208;;;1042;19;305;338;1074;1255;147;1051;792;433;1042;19;305;338;1074;1255;147;1051;792;433;19;305;1042;338;1255;1051;1074;433;1050;208;240;236;147;988;457;1179;19;792;338;433;1050;240;433;988;338;236;1050;240;433;988;338;236;19;305;240;433;147;1042;338;1179;19;305;433;147;1042;240;1074;305;338;792;19;695;106;305;19;;;;
18;373;216;613;1025;12;1355;448;685;27;56;366;594;706;1320;633;341;1626;828;;;341;216;613;56;1025;373;448;685;633;12;341;216;613;56;1025;373;448;685;633;12;685;613;1025;56;373;341;12;633;706;828;1025;12;1626;448;1320;56;613;594;27;633;706;1025;12;828;1320;56;706;1025;12;828;1320;56;685;613;1025;12;706;373;27;56;685;613;1025;706;373;12;613;366;341;1355;685;748;274;613;685;;;;
19;134;1182;850;940;806;144;1227;204;1192;443;1073;1225;1468;15;50;150;1224;381;;;144;1182;850;134;940;1073;1227;204;443;806;144;1182;850;134;940;1073;1227;204;443;806;1182;850;134;940;144;204;443;806;144;1227;1192;806;1224;150;15;50;1182;1073;940;443;144;940;806;1224;443;50;144;940;806;1224;443;50;1182;850;940;806;144;204;1192;443;134;850;806;144;1182;940;134;850;144;204;1182;383;911;204;1073;;;;
20;730;1852;1075;286;974;845;53;112;414;174;957;827;901;699;1303;553;215;425;;;730;1852;1075;286;553;845;53;112;827;974;730;1852;1075;286;553;845;53;112;827;974;1075;1852;286;730;112;53;974;845;901;827;699;174;957;215;414;974;;;;;827;699;174;215;414;974;827;699;174;215;414;974;1075;1852;286;974;112;53;414;174;1075;1852;286;112;53;974;1075;112;53;1852;845;869;774;1075;730;;;;
21;757;1237;446;1299;932;493;798;1315;1127;1304;921;1300;1233;1029;1095;1194;318;1340;;;757;1237;446;493;1299;921;798;1315;1233;1127;757;1237;446;493;1299;921;798;1315;1233;1127;1315;757;1237;1095;493;446;1233;1127;446;1233;1127;1095;1340;921;1304;932;1237;798;1029;1299;446;1127;1095;1233;1304;932;446;1127;1095;1233;1304;932;446;1237;1127;1095;493;757;1299;932;446;1237;1095;493;757;1127;1237;798;446;1233;1300;1207;220;1237;757;;;;
22;996;870;857;41;223;38;379;777;427;284;1038;1395;34;938;46;528;667;314;;;996;1395;857;777;223;528;870;34;41;427;996;1395;857;777;223;528;870;34;41;427;996;857;777;223;1395;34;870;41;379;314;41;284;38;870;427;223;667;1038;938;46;379;41;284;314;427;223;379;41;284;314;427;223;996;857;41;223;38;870;427;284;996;857;41;38;870;223;996;870;857;223;379;734;1223;857;996;;;;
25;894;826;617;1308;912;717;295;1356;593;287;998;726;26;802;1076;218;277;919;;;894;826;617;1356;1308;717;726;26;912;998;894;826;617;1356;1308;717;726;26;912;998;617;826;894;912;998;717;295;1308;295;726;593;287;218;998;912;1076;;;;;295;1308;287;919;912;1076;295;1308;287;919;912;1076;617;826;1308;912;295;894;802;287;617;826;912;295;894;1308;894;826;617;726;919;967;1234;826;1356;;;;
26;752;225;786;1280;217;54;1587;1049;924;140;221;1112;822;241;214;687;920;915;;;752;225;786;1280;54;687;1587;1049;924;217;752;225;786;1280;54;687;1587;1049;924;217;225;752;1280;54;1587;786;924;217;225;221;241;217;920;822;924;140;1112;915;1280;214;225;241;217;920;924;140;225;241;217;920;924;140;225;752;1280;217;1587;786;924;140;225;752;1280;1587;786;924;752;786;1587;54;225;963;1129;786;752;;;;
27;886;605;342;562;96;788;1;258;183;1154;1326;840;135;1168;1128;1312;1003;1136;;;1326;605;258;840;562;886;1312;135;1;1154;1326;605;258;840;562;886;1312;135;1;1154;840;605;1312;562;886;1326;258;1154;135;1;562;96;1003;258;183;1154;886;342;1168;1128;1;562;96;135;183;1168;1;562;96;135;183;1168;258;605;562;1154;886;1;183;96;258;605;562;886;1;1154;1;135;886;342;1312;188;206;605;258;;;;
29;705;816;811;441;964;302;156;445;809;1157;3;1210;1575;397;17;579;2;684;;;705;156;445;302;964;811;816;684;441;809;705;156;445;302;964;811;816;684;441;809;156;705;302;964;684;445;816;441;579;3;441;964;1210;1575;809;17;811;816;1157;397;579;441;17;3;809;964;579;441;17;3;809;964;811;816;441;964;156;705;809;17;705;816;964;156;811;441;964;156;705;302;684;408;1231;816;811;;;;
31;1064;57;1448;248;506;1246;742;1695;8;487;1081;86;819;1658;1998;1346;1476;540;;;1246;742;819;540;506;1064;1476;1448;57;248;1246;742;819;540;506;1064;1476;1448;57;248;1246;742;540;506;1476;819;1064;487;1081;57;8;506;86;1448;1998;487;1064;1346;248;1658;57;8;506;1081;1998;487;57;8;506;1081;1998;487;742;57;248;506;1246;1064;8;487;742;57;506;1246;1064;487;742;1246;1064;1695;57;6;668;742;57;;;;
32;2322;2178;2064;1912;1370;2239;1703;52;2034;2234;2294;1619;2277;1594;554;2453;2457;2183;;;2322;1703;2064;2457;1370;2294;2178;52;554;1912;2322;1703;2064;2457;1370;2294;2178;52;554;1912;1703;2322;2457;1370;52;2064;2277;554;2183;2239;2034;2234;2178;2294;1594;1370;2453;1619;1912;554;2239;2034;2234;2183;1594;1370;2239;2034;2234;2183;1594;1370;2294;2322;1912;1370;2239;2178;2034;2234;1703;2322;1912;2239;2294;1370;52;2178;1703;2294;2064;101;657;1703;2064;;;;
33;1782;1764;90;618;360;637;1879;1043;2184;1401;2291;1897;1436;1877;2308;1705;1474;1908;;;1782;1764;90;1043;618;637;1879;1908;1401;2308;1782;1764;90;1043;618;637;1879;1908;1401;2308;1782;90;1043;618;1764;637;1908;1401;2291;1436;2184;360;1879;1705;618;1401;1474;1897;1877;2308;1436;2184;360;2291;618;1401;1436;2184;360;2291;618;1401;1782;90;618;360;637;1043;2184;1401;1782;90;618;637;1043;360;90;1764;1879;1782;2291;1251;2031;90;1782;;;;
34;2366;922;2167;950;1330;1526;276;2407;887;602;2380;2252;400;4290;2363;499;1405;2456;;;2380;2252;2407;1405;950;2366;922;2167;887;4290;2380;2252;2407;1405;950;2366;922;2167;887;4290;2252;2380;1405;950;2366;922;4290;887;2366;922;4290;1330;1526;400;2363;602;499;276;950;887;922;4290;1330;2366;2363;602;922;4290;1330;2366;2363;602;2366;922;950;1330;2380;1526;887;602;2366;922;950;2380;1526;1330;2252;2167;2366;1405;4290;1189;2249;2167;276;;;;
35;1704;1639;1652;1463;1105;2226;1437;1503;1357;2365;333;1416;2018;1677;2215;76;1650;623;;;1704;1639;1652;2365;2215;2226;1416;1503;333;1105;1704;1639;1652;2365;2215;2226;1416;1503;333;1463;1639;1652;2215;2365;1416;1503;1704;1105;1437;2018;1463;1105;1650;76;1357;2365;623;1652;1677;2215;1437;1463;1105;2018;1357;2365;1437;1463;1105;2018;1357;2365;1639;1652;1463;1105;1503;1437;1357;2365;1639;1652;1105;1503;1437;1463;1639;1416;1503;76;1652;2176;532;1503;1652;;;;
36;960;2387;1831;1177;281;1077;1071;577;488;1382;854;1272;1402;885;544;2158;1454;615;;;1402;2387;1831;1071;1177;615;1272;577;488;885;1402;2387;1831;1071;1177;615;1272;577;488;885;1831;2387;1071;1177;615;1402;885;488;1077;960;885;281;2158;854;1177;1382;1272;577;488;544;960;885;281;1077;1177;1382;960;885;281;1077;1177;1382;1077;960;1177;281;854;2387;488;1382;1077;960;1177;854;2387;488;960;2387;1077;1831;577;331;2367;960;1077;;;;
37;2260;2210;2156;1086;2217;1335;2431;348;1245;969;2460;1118;2233;2173;1286;2154;1339;2395;;;2260;2431;2233;2154;1245;1335;2210;2156;1086;2173;2260;2431;2233;1245;1086;1335;2154;2156;2210;2173;2154;2431;2260;1245;2210;1335;2173;1086;1118;2156;1086;2217;348;2210;2173;969;2233;1339;1245;1286;2156;1086;2217;1118;2173;969;2156;1086;2217;1118;2173;969;2431;2210;1086;2217;1118;2156;1245;969;2431;2210;2217;1118;2156;1086;2210;1335;2154;1339;2173;29;2360;1118;2156;;;;
38;923;900;2292;1899;2319;2218;1989;1749;1876;1734;2240;1979;2061;991;1509;2206;2100;247;;;923;2100;2061;991;1734;2206;247;2292;1899;2319;923;2100;2061;1734;991;2206;247;1749;1899;2319;247;2100;1734;991;1989;2061;2319;1899;2292;900;1876;1509;2218;2240;1899;2319;1979;923;991;1734;2292;1876;1509;900;1899;2319;2292;1876;1509;900;1899;2319;2292;923;1899;2319;2218;900;1876;1734;2292;923;2319;2218;900;1734;900;2100;1749;923;1989;546;2443;2292;2206;;;;
39;2213;99;1738;1816;2037;1966;2075;1502;2124;261;638;2033;105;1741;2095;97;2005;863;;;638;2005;1502;97;2095;2213;2075;105;2037;1816;638;2005;1502;97;2095;2213;2075;105;2037;1816;638;2005;97;2095;1502;2075;1816;2037;2033;1738;2124;261;863;2213;1741;2037;99;2075;1816;2095;1738;2124;261;2033;1741;2037;1738;2124;261;2033;1741;2037;2213;99;1816;2037;1738;2075;2124;261;2213;99;2037;1738;2075;1816;99;2075;1966;638;105;1461;2117;99;2075;;;;
40;2356;2303;2320;1527;2257;650;1409;2263;1407;2194;77;2424;1635;2384;2049;394;21;380;;;2356;2303;2320;1409;2384;77;2424;1635;21;2257;2356;2303;2320;1409;2384;77;2424;1635;21;2257;1409;2303;2320;2384;2424;1635;2356;2257;394;650;1527;2194;2263;380;1407;2049;2303;2320;2384;2257;650;1527;2194;394;1407;2049;650;1527;2194;394;1407;2049;1409;2303;1527;2257;2320;2263;1407;2194;2263;2303;2257;2320;1409;1527;77;380;2356;1409;2303;475;2296;1635;650;;;;
41;474;490;1472;2373;1805;578;1815;1361;2165;1499;2256;1620;2266;2444;1431;1834;1434;1844;;;474;1815;1472;1499;1431;578;1844;1361;1620;2373;474;1815;1472;1499;1431;578;1844;1361;1620;2373;1472;1815;1844;1499;1361;1620;474;1431;490;474;2373;1805;2266;1834;2165;1431;2256;578;2444;1499;490;2373;1805;474;2165;1431;490;2373;1805;474;2165;1431;490;474;2373;1805;1815;578;2165;1499;578;474;2373;1815;490;2165;1434;2256;1361;1472;578;664;673;1815;1472;;;;
42;1374;1625;1430;632;2220;1543;1290;723;725;962;2198;1408;1485;444;1160;1896;2425;1621;;;1543;1625;1430;725;632;1374;2425;1485;1896;444;1543;1625;1430;725;632;1374;2425;1485;1896;444;1625;1430;2425;725;1543;1896;444;632;1290;1485;1160;2220;723;1621;444;962;2198;1408;632;725;1290;1160;2220;1485;444;962;1290;1160;2220;1485;444;962;1625;1430;632;2220;1290;1485;725;962;1290;1430;632;1485;1625;725;1430;1374;1485;1625;1408;2179;1687;1896;1621;;;;
43;2004;1497;2174;1284;1955;1910;1964;813;1342;2345;1441;2202;2314;1628;2310;1450;1789;2439;;;2004;1497;2174;1964;1955;1910;1789;813;2314;1284;2004;1497;2174;1964;1955;1910;1789;813;2314;1284;1964;1497;2174;1955;2314;813;1789;1284;2202;1497;1284;2310;2174;1964;1342;2345;1789;813;1628;1955;2202;1284;2310;1497;1342;2345;2202;1284;2310;1497;1342;2345;1964;1497;1284;1955;2202;2174;1342;2345;1964;1497;1284;2202;2174;1342;2004;1441;1497;2439;1450;543;1729;1964;1497;;;;
44;2265;1297;489;2262;1348;2255;1439;1721;2455;1813;2191;609;1638;1211;365;1796;2337;2050;;;2265;1439;1638;2255;1813;1796;609;489;2262;1348;2265;1439;1638;2255;1813;1796;609;489;2262;1348;1439;2265;2255;1813;609;1638;1796;2262;489;2337;2262;365;2050;1721;2455;1348;1297;2191;1211;1813;2337;2262;365;489;2455;1348;2337;2262;365;489;2455;1348;2265;1297;2262;1348;1439;489;2455;1813;2265;1297;2262;1439;489;1348;489;2255;1297;1439;1721;424;230;1439;1721;;;;
45;2192;2389;1668;518;1291;1846;2423;1510;466;2372;2333;324;2435;311;1538;2323;1737;2181;;;1846;2389;1668;2423;518;2333;324;1510;2323;1291;1846;2389;1668;2423;518;2333;324;1510;2323;1291;2423;2389;1846;518;2333;324;2323;311;1668;2192;466;1291;1510;1737;518;2372;2181;2435;311;1538;2192;466;1291;1668;518;2372;2192;466;1291;1668;518;2372;1668;2192;518;1291;1510;2389;466;2372;1668;2192;1291;1510;2389;518;1668;2192;1510;324;1846;193;1747;1510;1846;;;;
46;527;1247;852;814;402;789;853;1057;558;1669;4271;1350;74;1144;1995;2434;2388;2101;;;4271;2388;1057;814;558;527;2101;74;402;1669;4271;2388;1057;814;558;527;2101;74;402;1669;2388;1057;558;814;4271;74;1669;402;527;1247;1144;1995;852;853;814;402;789;2434;558;1669;1247;1144;1995;527;814;402;1247;1144;1995;527;814;402;852;1247;814;402;1057;527;558;1669;852;1247;814;1057;527;558;1057;852;74;4271;2101;698;2426;1057;853;;;;
47;1735;1307;625;2185;2282;672;1624;2161;1632;702;1699;582;2090;1961;2415;1142;178;1661;;;1735;1307;625;582;1961;672;178;2090;1661;2415;1735;1307;625;582;1961;672;178;2090;1661;2415;582;1307;625;1961;178;1735;1142;2415;1624;2161;2185;2282;1307;582;1632;702;1735;625;1961;2415;2161;2185;2282;1624;1632;702;2161;2185;2282;1624;1632;702;1624;1307;2185;2282;1735;582;1632;702;1624;1307;2185;1735;582;1632;672;1307;1735;1699;2415;830;2247;1735;672;;;;
48;2417;1162;2169;589;2440;2351;392;1772;2222;2253;1347;2199;2271;1553;2375;2451;2212;1349;;;2417;2271;2169;1772;1553;1347;1349;2199;2440;589;2417;2271;2169;1772;1553;2351;1349;2199;2440;589;2169;1772;2417;1553;1349;2271;589;2440;392;1162;2222;2440;2212;2199;2253;1553;2271;1347;2375;589;1162;2222;2440;392;2253;1553;392;2222;2440;1162;2253;1553;392;1162;589;2440;2271;2199;2222;2253;1162;392;2440;2271;2199;589;2417;1349;2199;2169;1347;1155;1058;2451;2271;;;;
49;1026;2408;2190;2269;398;2242;1334;1132;2420;1666;2272;484;416;2152;1298;1217;1421;2454;;;1217;484;1334;2269;2420;2242;2408;2190;398;1298;1217;1334;2190;2420;2269;2242;484;1132;398;1298;484;1334;1217;2420;2272;2242;398;2269;1421;2408;2269;1666;1132;2190;1298;398;2242;2454;2420;2152;1421;2269;1666;2408;1298;398;1421;2269;1666;2408;1298;398;1132;2190;2269;398;416;1026;2420;1298;1132;2190;2269;416;1026;398;1334;2242;2420;1217;2272;501;1202;1026;1132;;;;
50;1313;662;2054;2283;1412;770;312;436;1378;458;1550;2155;2047;599;1492;1820;2301;1930;;;1550;662;2054;2301;2283;1313;2155;436;1820;458;1550;662;2054;2301;2283;1313;2155;436;1820;458;1550;2054;2301;2283;662;1313;1820;458;312;436;1378;1412;770;1313;599;1492;662;1820;2283;458;312;1378;1412;436;599;1492;312;1378;1412;436;599;1492;2054;1313;2283;1412;312;662;1378;458;2054;1313;1412;312;662;2283;1313;2054;2155;770;2301;2026;2377;2054;662;;;;
51;2201;2196;1768;126;1560;2276;361;701;1460;795;548;1967;2432;1674;2147;307;2039;1595;;;2201;361;2432;1595;2147;307;1967;2039;126;1560;2201;361;2432;1595;2147;307;1967;2039;126;1560;2432;2201;1595;2147;361;2039;1967;126;2276;548;1460;1560;1768;2196;795;126;307;701;1674;2147;2276;1460;795;548;1674;1560;2276;1460;795;548;1674;1560;2276;2201;126;1560;1768;548;1460;795;2276;2201;126;1768;548;1460;2201;2196;307;2039;2276;1082;326;548;1768;;;;
52;610;1867;1504;1266;2315;1751;779;683;653;1999;68;2359;2023;363;1337;4014;1592;1826;;;610;2359;1504;1751;1266;68;779;683;1592;653;610;779;1504;2359;1266;1751;1592;683;653;2315;1751;610;2359;1266;1592;779;2315;653;1504;4014;363;2315;1867;683;1266;1999;2023;68;653;1337;4014;363;2315;1504;1266;1999;4014;363;2315;1504;1266;1999;683;1504;1266;2315;1751;610;653;1999;683;1504;1266;1867;610;653;683;1867;779;68;2359;157;703;1504;1867;;;;
53;2459;2270;2171;747;269;1542;980;1962;739;1934;2371;2404;2021;1622;1480;2342;2358;2461;;;2459;1962;2021;269;739;1542;2270;2461;2371;747;2459;1962;2021;269;739;1542;2270;2461;2371;747;2459;2021;739;269;2270;1542;1962;747;980;2342;747;269;2459;2171;1622;1934;2270;1542;739;1480;980;747;269;2342;1622;1934;980;747;269;2342;1622;1934;2270;2459;747;269;980;1542;739;1934;2270;2459;269;1542;980;747;2459;2270;1542;2371;2021;494;866;1962;1542;;;;
54;2200;1706;1254;2175;1116;621;2286;841;1667;1598;2245;1629;2186;1100;741;2344;1631;2300;;;1254;1706;2186;1116;1100;621;2300;841;1667;1598;1254;1706;2186;1116;1100;621;2300;841;1667;1598;2300;1706;1100;1116;1629;2186;1254;1667;2200;1254;2175;741;2286;2344;1116;1598;841;1629;1667;1100;2200;2175;741;1254;1116;1598;2200;2175;741;1254;1116;1598;2286;1706;2175;1116;1629;2200;1667;1598;2286;1706;1116;1254;1629;1598;2245;2200;2286;621;1254;330;268;1706;1254;;;;
55;2040;1579;1445;377;1878;530;1351;1792;601;1784;1835;1711;13;198;2079;1602;42;1907;;;2040;1711;1445;1792;198;530;1602;13;1907;377;2040;1711;1445;1792;198;530;1602;13;1907;377;1445;1711;1792;198;2040;1602;530;377;42;1579;377;1878;13;1351;601;1784;1711;1792;2079;198;1579;377;1878;1351;601;1784;1579;377;1878;42;601;1784;42;1579;377;1878;1711;1792;601;1784;42;1579;377;1711;1792;601;42;1579;1711;1445;1835;442;2076;1792;1445;;;;
56;759;1900;2264;942;1905;2227;1458;2437;670;1978;1366;2122;590;1888;2304;1887;655;2302;;;1366;1900;1887;2304;1905;2227;2122;2264;942;1978;1366;1900;1887;2304;1905;2227;1458;2264;942;670;1366;1887;2264;2304;2227;1900;942;1905;590;2437;1888;1978;2264;655;670;1905;1900;759;942;2304;2437;1888;1978;590;670;1905;2437;1888;1978;590;670;1905;2264;759;942;1905;590;2437;670;1978;2264;759;1905;590;2437;942;1366;1458;2227;590;1900;1693;2232;590;759;;;;
57;2267;1787;1806;1013;1253;1869;2309;797;1294;1184;2280;740;114;771;585;1615;2203;1906;;;1869;1787;1806;1253;1013;2267;1906;797;1294;771;1869;1787;1806;1253;1013;2267;1906;797;1294;771;1869;1787;1806;1253;2309;1906;1294;1013;2280;2267;771;1184;797;2309;1013;585;2203;740;1294;1253;2267;771;1184;2280;1013;585;2267;771;1184;2280;1013;585;1787;2267;1013;1253;1869;2309;1294;1184;1787;2267;1253;1869;2309;1184;114;1787;1906;1294;1806;263;713;1787;1869;;;;
58;1981;2254;103;2182;2259;574;1126;1551;2275;1070;4178;4410;1122;2368;2370;2328;728;679;;;1981;1126;1551;4410;2259;2254;574;679;2370;2182;1981;1126;1551;4410;2259;2254;574;679;2370;2182;1551;1126;4410;2259;679;574;1981;2370;2254;103;2182;1070;574;1122;2275;2370;679;1981;2368;2259;2254;2182;1070;103;2275;2370;2254;2182;1070;103;2275;2370;1126;2254;2182;2259;574;103;2275;1070;1126;2254;2182;574;103;2275;1126;574;4410;679;4178;1068;1333;103;2254;;;;
59;769;2059;2327;1301;773;2153;2193;1903;2139;1433;1606;2172;164;2019;2109;329;645;1268;;;1606;645;2327;1268;773;769;2059;1903;1301;2109;1606;645;2327;1268;773;769;2059;1903;1301;2109;1268;645;1606;773;2327;2059;2109;1301;2193;2172;2139;1433;2153;2059;1301;773;1903;2327;2019;2109;2193;2139;1433;2172;1301;773;2193;2139;1433;2172;1301;773;2193;2059;1301;773;2172;645;2139;1433;2193;2059;1301;2172;645;773;164;1268;645;769;2327;102;2211;2059;645;;;;
60;592;1909;1022;228;7;616;1637;2221;1457;1138;2077;1115;1651;596;644;250;1586;965;;;2077;965;2221;1457;1138;592;250;1022;1909;644;2077;965;2221;1457;1138;592;250;1022;1909;644;250;965;2077;1457;1909;592;1115;1138;592;1022;228;7;1637;616;596;1138;1909;1115;644;1457;1022;228;7;592;596;1138;1022;228;7;592;596;1138;616;592;228;7;1909;1637;1457;1138;616;592;228;1909;1637;1457;2221;965;1457;1637;592;195;860;1909;1637;;;;
61;1603;1302;1033;1641;2051;2006;1484;641;2409;1770;1874;1072;2094;2223;133;555;4360;2107;;;1603;1302;641;2223;1770;2006;1484;2094;1072;1641;1603;1302;2094;1484;2223;2006;4360;641;1072;1770;1484;1302;4360;2223;2094;1072;641;1770;2107;1033;133;2051;2006;1874;1641;1770;1484;1302;2409;2223;1033;133;2051;2107;1641;1770;1033;133;2051;2107;1641;1770;1302;1033;1641;2051;1072;1484;2409;1770;1302;1033;1641;4360;1484;2409;1603;1874;1072;4360;641;235;635;1033;555;;;;
62;205;1425;882;1352;2068;784;1902;1158;2429;1452;2177;1520;1654;549;1889;2295;2463;2225;;;205;1902;1158;1352;1452;2295;2225;1654;549;2068;205;1902;1158;1352;1452;2295;2225;1654;549;2068;1158;205;1654;1352;1902;2295;2225;1452;882;1520;2429;2068;1425;784;549;1889;2177;2463;1352;1452;1520;2429;2068;882;549;1889;1520;2429;2068;882;549;1889;882;205;1352;2068;1158;784;549;1452;882;205;1352;1158;784;549;205;1654;882;1520;1902;2374;2052;205;1654;;;;
63;479;1053;1149;79;4011;4310;1548;879;4051;1258;4261;1678;1581;2189;2321;2224;260;1984;;;479;1053;1149;4051;2189;4261;1548;1581;1678;79;479;1053;1149;4051;2189;4261;1548;1581;1678;79;1149;1053;2189;4051;479;1548;1678;79;2224;879;2321;1258;1149;1053;79;4011;1548;479;4051;2189;879;2321;1258;2224;79;4011;879;2321;1258;2224;79;4011;1149;1053;79;4011;1548;879;4051;1258;1149;1053;79;1548;879;4051;1053;879;4261;260;1581;575;1534;879;1053;;;;
64;2740;2504;2761;2557;2678;2928;2782;2697;2933;2555;2610;2533;2530;2637;2713;2854;2888;2551;;;2740;2533;2761;2697;2557;2928;2782;2530;2888;2933;2740;2533;2761;2697;2557;2928;2782;2530;2888;2933;2697;2761;2530;2557;2740;2782;2533;2933;2610;2504;2713;2678;2761;2928;2933;2555;2697;2530;2637;2557;2610;2713;2678;2504;2933;2555;2610;2713;2678;2504;2933;2555;2697;2761;2557;2678;2504;2530;2933;2555;2697;2761;2678;2504;2530;2555;2761;2504;2782;2740;2533;2922;2794;2761;2740;;;;
65;2673;2518;2696;2720;2506;2583;2879;2898;2770;2631;2709;2811;2716;2966;2931;2529;2694;2784;;;2673;2518;2696;2879;2931;2898;2811;2529;2716;2720;2673;2518;2696;2879;2931;2898;2811;2529;2716;2720;2879;2518;2673;2931;2716;2811;2784;2720;2696;2583;2966;2506;2694;2529;2720;2631;2518;2709;2770;2931;2583;2966;2506;2696;2720;2631;2583;2966;2506;2696;2720;2631;2879;2518;2720;2506;2811;2673;2770;2631;2879;2518;2506;2811;2673;2720;2696;2811;2694;2879;2716;2541;2812;2673;2696;;;;
66;2764;2552;2501;2652;2691;2632;2824;2589;2543;2890;2893;2841;2927;2961;2910;2881;2486;2920;;;2764;2824;2501;2841;2890;2632;2920;2589;2691;2652;2764;2824;2501;2841;2890;2632;2920;2589;2691;2652;2841;2824;2764;2890;2927;2920;2486;2691;2589;2552;2543;2691;2632;2764;2652;2910;2501;2927;2961;2890;2552;2543;2691;2589;2652;2910;2552;2543;2691;2589;2652;2910;2764;2552;2652;2691;2824;2632;2543;2890;2764;2552;2691;2824;2632;2652;2632;2824;2486;2589;2552;2710;2532;2824;2486;;;;
67;2544;2822;2628;2693;2958;2560;2606;2830;2680;2651;2739;2578;2769;2520;2789;2512;2682;2717;;;2544;2606;2628;2769;2693;2560;2822;2830;2958;2680;2544;2606;2628;2769;2693;2560;2822;2830;2958;2680;2769;2628;2544;2693;2822;2830;2680;2958;2822;2830;2520;2958;2606;2560;2693;2651;2578;2717;2680;2789;2830;2520;2958;2822;2693;2651;2830;2520;2958;2822;2693;2651;2830;2628;2693;2958;2544;2769;2680;2651;2830;2628;2693;2544;2769;2958;2544;2512;2822;2769;2606;2476;2758;2822;2830;;;;
68;2582;2491;2658;2695;2657;2548;2556;2550;2594;2826;2871;2959;2887;2725;2493;2562;2891;2843;;;2582;2491;2658;2493;2657;2548;2891;2887;2562;2594;2582;2491;2658;2493;2657;2548;2891;2887;2562;2594;2658;2491;2891;2493;2887;2562;2843;2657;2959;2556;2695;2826;2582;2550;2725;2657;2491;2548;2594;2493;2556;2695;2826;2959;2725;2657;2556;2695;2826;2959;2725;2657;2658;2491;2695;2826;2550;2556;2594;2657;2658;2491;2695;2550;2556;2826;2491;2658;2959;2562;2582;2692;2531;2556;2658;;;;
69;2488;2816;2836;2602;2746;2579;2601;3461;2735;2641;2590;2591;2595;2880;2921;2916;2778;2829;;;2579;2778;2836;2735;2921;2488;2590;3461;2816;2602;2579;2778;2836;2735;2921;2488;2590;3461;2816;2602;2778;2836;2590;2735;2816;2579;2601;2921;2601;2816;2880;2641;2591;2488;2602;2746;2829;3461;2735;2921;2816;2880;2641;2601;2602;2746;2816;2880;2641;2601;2602;2746;2601;2816;2602;2746;2488;2836;2735;2641;2601;2816;2602;2488;2836;2735;2601;2816;2829;2590;2916;2510;2845;2836;2601;;;;
70;2525;2663;2466;2828;2644;2576;2885;2817;2664;2711;2467;2837;2471;2838;2621;2566;2876;2780;;;2525;2837;2471;2780;2828;2576;2663;2466;2566;2664;2525;2837;2471;2780;2828;2576;2663;2466;2566;2664;2780;2837;2663;2828;2885;2566;2817;2664;2885;2663;2828;2644;2525;2817;2664;2711;2876;2576;2838;2621;2663;2828;2644;2885;2664;2711;2663;2828;2644;2885;2664;2711;2885;2663;2828;2644;2525;2817;2664;2711;2885;2663;2828;2525;2817;2644;2525;2885;2780;2576;2663;4931;5140;2663;2876;;;;
71;2749;2674;2481;2712;2924;2846;2540;2654;2685;2874;2587;2496;2875;2869;2615;5068;2635;2734;;;2749;2496;2481;2874;2869;2846;2540;2654;2924;2685;2749;2496;2481;2874;2869;2846;2540;2654;2924;2685;2496;2481;2869;2874;2540;2654;2875;2924;2635;2674;2712;2615;2587;2846;2685;2924;5068;2654;2869;2874;2674;2712;2615;2635;2685;2924;2674;2712;2615;2635;2685;2924;2481;2674;2712;2924;2540;2654;2685;2874;2481;2674;2924;2540;2654;2874;2540;2875;2587;2874;2654;2516;2968;2481;2540;;;;
72;2545;2702;2574;2649;2762;2699;2675;2774;2956;2801;2851;2626;2787;2806;2914;2744;2648;2942;;;2545;2851;2774;2806;2801;2699;2942;2787;2762;2914;2545;2851;2774;2806;2801;2699;2942;2787;2762;2914;2851;2774;2801;2806;2942;2787;2914;2762;2675;2702;2649;2762;2626;2648;2956;2801;2574;2545;2914;2806;2702;2649;2762;2675;2956;2801;2702;2649;2762;2675;2956;2801;2675;2702;2649;2762;2648;2626;2956;2801;2675;2702;2649;2648;2626;2762;2702;2648;2626;2942;2699;4962;4930;2702;2774;;;;
73;2759;2599;2755;2662;2645;2756;2535;2832;2840;2795;2563;2573;2719;2613;2515;2917;2786;2799;;;2756;2786;2832;2799;2795;2759;2917;2755;2535;2840;2756;2786;2832;2799;2795;2759;2917;2755;2535;2840;2832;2786;2799;2795;2755;2917;2535;2840;2599;2759;2662;2645;2573;2719;2613;2795;2563;2755;2840;2515;2599;2662;2645;2759;2613;2795;2599;2662;2645;2759;2613;2795;2599;2755;2662;2645;2535;2759;2840;2795;2599;2755;2662;2535;2759;2645;2756;2535;2573;2832;2599;2741;2650;2755;2832;;;;
74;2468;2779;2681;2483;2571;2492;2666;2546;2668;2852;2568;2726;2688;2745;2938;2684;2494;2955;;;2468;2688;2681;2726;2852;2568;2494;2546;2779;2938;2468;2688;2681;2726;2852;2568;2494;2546;2779;2938;2688;2468;2726;2852;2779;2494;2568;2938;2666;2779;2483;2571;2681;2492;2668;2852;2684;2546;2745;2938;2779;2483;2571;2666;2668;2852;2779;2483;2571;2666;2668;2852;2468;2779;2483;2571;2726;2666;2668;2852;2468;2779;2483;2726;2666;2668;2779;2468;2568;2681;2546;2655;2708;2468;2779;;;;
75;2768;2558;2479;2671;2580;2757;2718;2932;2508;2825;2605;2963;2815;2502;2936;2866;2643;2903;;;2768;2558;2932;2825;2580;2757;2963;2479;2605;2508;2768;2558;2932;2825;2580;2757;2963;2479;2605;2508;2757;2768;2558;2825;2605;2963;2932;2580;2718;2815;2671;2508;2605;2479;2825;2580;2768;2757;2502;2936;2815;2671;2508;2718;2825;2580;2815;2671;2508;2718;2825;2580;2757;2768;2671;2580;2718;2558;2825;2508;2757;2768;2580;2558;2718;2508;2768;2815;2825;2643;2963;2773;5171;2768;2757;;;;
76;2575;2669;2611;2728;2882;2894;2513;2792;2497;2484;2957;2661;2653;2596;2597;2785;2788;2542;;;2575;2669;2792;2497;2484;2894;2513;2653;2661;2728;2575;2669;2792;2513;2497;2894;2661;2653;2785;2484;2513;2669;2661;2497;2792;2785;2653;2484;2957;2611;2597;2882;2788;2542;2728;2484;2894;2669;2596;2497;2611;2597;2882;2957;2728;2484;2611;2597;2882;2957;2728;2484;2669;2611;2728;2882;2661;2513;2497;2484;2669;2611;2728;2661;2513;2497;2792;2661;2669;2785;2575;2505;2864;2611;2669;;;;
77;2495;2895;2614;2877;2686;4822;2473;4803;2706;2478;2700;2620;4774;2581;2857;2944;2705;2489;;;2495;2620;2614;2857;2478;4822;2705;4774;2489;2877;2495;2620;2614;2857;2478;4822;2705;4774;2489;2877;2614;2620;2705;2857;2495;2489;2877;2478;2495;2473;2877;2686;4803;2944;2706;2478;4774;4822;2581;2857;2473;2877;2686;2495;2706;2478;2473;2877;2686;2495;2706;2478;2620;2895;2877;2686;2614;2473;2706;2478;2620;2895;2877;2614;2473;2706;2473;2614;2489;2620;2495;2522;2752;2895;2473;;;;
78;2627;2704;2477;2561;2547;2647;2823;2827;2683;2630;2842;2642;2722;2751;2937;2899;2892;2901;;;2627;2704;2477;2823;2751;2647;2642;2827;2842;2630;2627;2704;2477;2823;2751;2647;2642;2827;2842;2630;2704;2477;2823;2751;2642;2627;2842;2630;2647;2722;2561;2547;2704;2477;2683;2630;2642;2823;2937;2751;2647;2561;2547;2722;2683;2630;2647;2561;2547;2722;2683;2630;2704;2477;2561;2547;2627;2823;2683;2630;2704;2477;2561;2627;2823;2547;2477;2627;2842;2892;2642;2960;2883;2823;2827;;;;
79;2629;2499;2569;2687;2537;2490;2636;2465;2765;2763;2886;2659;2679;2919;2884;2470;2929;2976;;;2629;2499;2569;2465;2537;2679;2636;2490;2886;2687;2629;2499;2569;2465;2537;2679;2636;2490;2886;2687;2465;2569;2499;2537;2629;2636;2490;2687;2569;2679;2765;2884;2465;2499;2687;2763;2636;2629;2919;2537;2679;2765;2884;2569;2687;2763;2679;2765;2884;2569;2687;2763;2465;2569;2687;2537;2636;2499;2765;2763;2465;2569;2537;2636;2499;2687;2629;2569;2465;2470;2636;3392;5082;2465;2929;;;;
80;2619;2469;2612;2819;2588;2553;2472;2853;2703;2539;2604;2926;2634;2847;2727;2904;2798;2724;;;2634;2469;2612;2472;2588;2553;2926;2853;2798;2539;2634;2469;2612;2472;2588;2553;2926;2853;2798;2539;2612;2469;2472;2588;2798;2926;2904;2539;2619;2604;2703;2539;2553;2853;2847;2588;2612;2469;2819;2727;2619;2703;2539;2604;2847;2588;2619;2703;2539;2604;2847;2588;2612;2469;2819;2588;2472;2619;2703;2539;2612;2469;2539;2472;2619;2588;2612;2553;2472;2724;2819;2818;2962;2469;2798;;;;
81;2475;2638;2567;2767;2474;2503;2797;2783;2609;2586;2523;2721;2948;2808;2538;2897;2715;2536;;;2638;2797;2567;2767;2474;2475;2783;2948;2715;2808;2638;2797;2567;2767;2474;2475;2783;2948;2715;2808;2783;2797;2474;2767;2715;2638;2897;2808;2475;2638;2609;2586;2721;2567;2767;2538;2503;2536;2808;2474;2638;2609;2586;2475;2767;2538;2638;2609;2586;2475;2767;2538;2475;2638;2767;2474;2783;2797;2609;2586;2475;2638;2767;2783;2797;2609;2797;2783;2475;2474;2715;2593;2600;2638;2897;;;;
82;2592;2835;2791;2519;2549;3211;2622;2753;2500;2850;2953;2698;2908;2640;2915;2514;2667;2733;;;2592;2667;2791;2500;2915;3211;2908;2753;2953;2549;2592;2667;2791;2500;2915;3211;2908;2753;2953;2549;2791;2592;2667;2500;2953;2908;2549;2915;2622;2835;2519;2549;3211;2698;2640;2850;2514;2753;2500;2915;2835;2519;2549;2622;2640;2850;2835;2519;2549;2622;2640;2850;2835;2592;2519;2549;2698;2622;2500;2850;2835;2592;2549;2622;2698;2500;2698;2622;2592;2791;2953;2771;2760;2835;2592;;;;
83;2482;2665;2776;2607;2941;2907;2849;2793;2729;2603;2800;2646;2565;2677;2527;2865;2834;2617;;;2482;2665;2776;2849;2941;2907;2646;2793;2834;2607;2482;2665;2776;2849;2941;2907;2646;2793;2834;2607;2849;2665;2776;2941;2834;2646;2800;2607;2565;2665;2607;2603;2776;2849;2729;2941;2834;2646;2677;2527;2565;2607;2603;2665;2729;2941;2565;2607;2603;2665;2729;2941;2849;2665;2607;2941;2646;2776;2729;2603;2849;2665;2607;2646;2776;2729;2665;2776;2849;2793;2800;2616;2967;2665;2849;;;;
84;3253;3204;3319;3004;3194;2996;3318;3202;3380;3198;3362;3200;3456;3252;3328;3444;3059;3014;;;3253;3444;3200;3194;3198;2996;3362;3319;3204;3004;3253;3200;3319;3194;3198;2996;3444;3202;3362;3004;3444;3200;3253;3194;3204;3362;3318;3198;3204;3318;3004;3194;3319;2996;3380;3198;3202;3059;3252;3328;3204;3004;3194;3318;3380;3198;3204;3004;3194;3318;3380;3198;3318;3204;3004;3194;3200;3319;3380;3198;3318;3204;3194;3200;3319;3004;3202;3200;2996;3204;3059;3187;3348;3200;3204;;;;
85;3251;3203;3003;3201;3199;3012;2978;3061;3051;3060;3064;3188;3321;3024;3255;3329;3186;3349;;;3251;3203;3003;3012;3201;3064;3188;3321;3186;3024;3251;3203;3003;3012;3201;3064;3188;3321;3186;3024;3012;3203;3188;3201;3349;3186;3329;3024;2978;3251;3051;3199;3061;3064;3060;3201;3012;3203;3255;3024;2978;3051;3199;3251;3060;3201;2978;3051;3199;3251;3060;3201;2978;3203;3201;3199;3188;3012;3051;3060;3012;3203;3199;3188;2978;3201;3203;3012;2978;3321;3329;3013;3173;2978;3203;;;;
86;3240;3395;3025;3133;3365;3031;3001;3407;3346;3442;3083;3137;2986;3106;4788;3477;3337;3508;;;3083;3395;3025;3001;3346;3240;3137;3407;3337;3133;3083;3395;3025;3407;3346;3240;3001;3137;3337;3133;3025;3395;3001;3346;3137;3407;3337;3133;3240;3031;3106;4788;3508;3395;3133;3365;3407;3025;3346;3442;3031;3106;4788;3240;3133;3365;3031;3106;4788;3240;3133;3365;3025;3395;3133;3365;3407;3001;3346;3442;3025;3395;3133;3407;3001;3346;3395;3001;3031;3133;3477;3266;3312;3395;3240;;;;
87;3075;3370;3143;3412;2985;3482;3021;2990;3310;3242;3091;3350;3264;4759;3087;3438;3016;3072;;;3482;3021;2990;2985;3310;3075;3350;3264;3016;3087;3482;3021;2990;2985;3310;3075;3350;3264;3016;3087;3021;2990;3350;2985;3016;3264;3072;3310;3143;3370;4759;3242;3075;3091;3412;2985;3021;2990;3310;3087;3143;4759;3242;3370;3412;2985;3143;4759;3242;3370;3412;2985;3370;3143;3412;2985;3021;2990;3310;3242;3370;3143;2985;3021;2990;3242;2990;3370;3143;3482;3021;3147;3299;3370;3264;;;;
88;3293;3227;3325;3174;3423;3076;3339;3214;3140;3289;3210;3332;3479;3493;3073;3249;3490;3301;;;3293;3227;3325;3339;3073;3249;3332;3214;3490;3423;3293;3227;3325;3339;3073;3249;3332;3214;3490;3423;3339;3227;3332;3073;3490;3293;3249;3423;3325;3076;3174;3423;3214;3479;3140;3289;3210;3301;3493;3073;3076;3174;3423;3325;3140;3289;3076;3174;3423;3325;3140;3289;3325;3227;3174;3423;3332;3339;3140;3073;3325;3227;3423;3332;3339;3073;3293;3249;3076;3214;3339;3022;3136;3325;3214;;;;
89;3192;3127;3391;3239;3129;3040;3403;3271;3052;3460;2997;3165;5277;3032;3309;3475;3110;3128;;;3192;3403;3271;3129;3032;3040;2997;3391;3475;3309;3192;3403;3271;3129;3032;3040;2997;3391;3475;3309;3403;3192;3032;3129;3271;2997;3040;3309;3391;3110;3052;3460;3127;3165;3239;3129;3403;3192;3032;3309;3110;3052;3460;3391;3239;3129;3110;3052;3460;3391;3239;3129;3391;3192;3239;3129;3403;3127;3052;3460;3127;3192;3129;3403;3391;3239;3192;3127;3475;3040;3129;3417;5200;3192;3127;;;;
90;3078;3285;3066;3230;3336;3354;3396;3398;3082;3172;3184;3042;3465;3486;3358;3422;3020;3463;;;3078;3285;3398;3336;3230;3184;3042;3066;3422;3172;3078;3285;3398;3336;3230;3184;3042;3066;3422;3172;3042;3285;3078;3336;3465;3422;3184;3230;3020;3396;3172;3358;3398;3354;3230;3082;3066;3285;3486;3336;3396;3172;3358;3020;3230;3082;3396;3172;3358;3020;3230;3082;3396;3285;3230;3336;3020;3042;3082;3172;3396;3285;3336;3020;3042;3230;3354;3078;3184;3285;3336;3217;3111;3354;3396;;;;
91;3038;3263;3401;3322;2981;3248;3180;3130;3275;3213;3067;3008;3383;3415;4996;3367;3340;3037;;;3067;3263;3401;3008;3275;3038;3340;3180;3037;3213;3067;3263;3401;3008;3275;3038;3340;3180;3037;3213;3008;3263;3340;3275;3037;3067;3180;3213;3180;3401;3322;2981;3130;3038;4996;3213;3248;3383;3415;3275;3401;3322;2981;3180;4996;3213;3401;3322;2981;3180;4996;3213;3263;3401;3322;2981;3008;3180;3275;3213;3263;3401;3322;3008;3180;3275;3038;3248;3037;3008;3263;3193;3215;3130;3008;;;;
92;3058;3018;3144;3281;3145;2993;2980;3250;3226;3046;3425;3334;3258;3483;3324;3297;3459;3302;;;3058;2980;3144;3302;3145;2993;3297;3250;3258;3046;3058;2980;3144;3302;3145;2993;3297;3250;3258;3046;3302;3144;2980;3145;3250;3297;3258;3046;3018;3058;3281;3145;3250;2980;3226;3046;2993;3258;3324;3483;3058;3281;3145;3018;3226;3046;3058;3281;3145;3018;3226;3046;3018;3144;3281;3145;3058;2980;3226;3046;3018;3144;3145;3058;2980;3046;3258;3018;2993;3302;3144;3228;3429;3144;3250;;;;
93;3244;3074;3096;3411;3146;3155;3153;3190;3171;3276;3294;3158;2995;3218;3026;3488;3243;3295;;;3244;3153;3096;3146;3411;3074;3294;3190;3171;3218;3244;3153;3096;3146;3411;3074;3294;3190;3171;3218;3096;3153;3411;3146;3244;3294;3218;3171;3158;3074;3026;3146;3153;3155;3411;3276;3294;3096;3171;3218;3074;3026;3146;3158;3411;3276;3074;3026;3146;3158;3411;3276;3153;3074;3411;3146;3158;3096;3171;3276;3074;3153;3146;3158;3096;3411;3074;3244;3153;3294;3243;3394;3270;3096;3074;;;;
94;3002;3386;2983;3019;3090;3231;3418;3139;3007;3361;3256;3057;3115;3292;3283;3105;3274;3471;;;3002;3386;2983;3418;3292;3105;3057;3139;3274;3019;3105;3386;2983;3418;3292;3002;3057;3139;3274;3361;3386;2983;3418;3292;3274;3057;3471;3361;3002;3231;3019;3090;3256;3139;3007;3361;2983;3386;3283;3292;3002;3019;3090;3231;3007;3361;3002;3019;3090;3231;3007;3361;3002;2983;3019;3090;3418;3386;3007;3361;3002;2983;3019;3418;3386;3090;2983;3386;3002;3057;3418;3104;4750;3002;3386;;;;
95;3265;3035;3123;3413;3017;3357;3131;3085;3027;3476;3166;3414;3154;3387;3088;3497;3381;3434;;;3265;3035;3123;3131;3413;3357;3414;3154;3387;3017;3265;3035;3123;3131;3413;3357;3414;3154;3387;3017;3123;3035;3131;3413;3381;3414;3017;3387;3154;3085;3027;3088;3357;3265;3413;3017;3166;3497;3387;3476;3154;3027;3088;3085;3413;3017;3154;3027;3088;3085;3413;3017;3123;3035;3413;3017;3085;3131;3027;3476;3123;3035;3017;3085;3131;3413;3381;3035;3123;3085;3166;3316;3273;3131;3123;;;;
96;3009;3108;3343;3119;3077;3470;3028;3047;3288;3164;3015;3142;3011;3469;3114;3160;3245;3441;;;3009;3441;3011;3028;3114;3015;3142;3047;3245;3119;3009;3441;3011;3028;3114;3015;3142;3047;3245;3119;3011;3441;3028;3114;3245;3142;3160;3119;3009;3108;3119;3077;3028;3470;3288;3164;3245;3142;3469;3114;3009;3119;3077;3108;3288;3164;3009;3119;3077;3108;3288;3164;3108;3009;3119;3077;3142;3028;3288;3164;3108;3009;3119;3142;3028;3288;3028;3009;3142;3160;3245;2991;3246;3009;3142;;;;
97;3044;3063;3167;3103;3280;3095;3335;3291;3375;3399;3234;3355;3378;3505;3327;3098;3023;3489;;;3044;3335;3291;3355;3280;3095;3234;3378;3103;3327;3044;3335;3291;3355;3280;3095;3234;3378;3103;3327;3355;3335;3103;3280;3044;3234;3023;3327;3098;3063;3103;3399;3355;3335;3375;3280;3234;3167;3505;3327;3063;3103;3399;3098;3375;3280;3063;3103;3399;3098;3375;3280;3335;3063;3103;3280;3234;3355;3375;3399;3335;3063;3280;3167;3355;3399;3044;3234;3095;3335;3098;3159;3323;3335;3063;;;;
98;3247;3393;3372;3397;3219;3045;3278;3286;3216;3420;3156;2998;3458;3485;3178;3452;3181;3421;;;3247;3393;3372;3219;3397;3045;3278;3286;3458;3216;3247;3393;3372;3219;3397;3045;3278;3286;3458;3216;3278;3393;2998;3219;3286;3458;3372;3397;3181;3156;3397;3178;3247;3372;3216;3420;3045;3421;3485;3219;3181;3397;3178;3156;3216;3420;3181;3397;3178;3156;3216;3420;3393;3247;3397;3219;3278;3372;3216;3420;3393;3247;3397;3278;3372;3219;3393;3278;2998;3286;3372;3029;3472;3393;3247;;;;
99;3041;3177;3341;3225;3116;3311;3277;3433;3359;3269;3366;3223;3480;3331;3049;3426;3333;3467;;;3041;3333;3341;3269;3359;3311;3480;3433;3223;3331;3041;3333;3341;3269;3359;3311;3480;3433;3223;3331;3480;3333;3041;3269;3311;3223;3331;3359;3366;3177;3225;3049;3433;3041;3359;3116;3277;3223;3331;3269;3177;3225;3049;3366;3359;3116;3177;3225;3049;3366;3359;3116;3177;3041;3225;3116;3223;3277;3359;3049;3177;3041;3116;3223;3277;3269;3041;3366;3223;3341;3177;3410;5261;3277;3480;;;;
100;3132;3364;3377;3220;3305;3268;3124;2982;3062;3196;3317;3388;3495;3055;3152;3126;3363;2979;;;3132;3364;2982;3317;3305;3268;3495;3377;3363;3220;3132;3364;3377;3317;3305;3268;3495;2982;3363;3220;3132;3364;3317;3305;3268;3495;3363;3220;3126;3124;3055;3305;3364;3388;3062;3196;3132;3317;3152;3220;3124;3055;3196;3126;3062;3305;3124;3055;3196;3126;3062;3305;3124;3364;3220;3305;3388;3132;3062;3196;3124;3364;3220;3388;3132;3062;3124;3317;3132;3388;3196;3360;5260;3132;3124;;;;
101;3267;3406;3033;3405;3065;2992;3259;3279;3071;3182;3400;3112;3100;3296;3306;3491;3457;3487;;;2992;3259;3033;3279;3405;3400;3112;3457;3306;3296;2992;3259;3033;3279;3405;3400;3112;3457;3306;3296;3279;3033;3259;3405;3400;2992;3112;3306;3406;3100;3071;3065;3491;3267;3405;3182;3033;3487;3296;3306;3406;3071;3065;3100;3405;3182;3100;3071;3065;3406;3405;3182;3279;3033;3405;3065;3406;3100;3071;3182;3279;3033;3065;3406;3100;3405;3100;3491;3400;3487;2992;3229;3314;3400;3267;;;;
102;3102;3122;3125;3036;3150;3168;3326;3409;3224;3504;2984;3183;3446;3151;3432;3162;2989;3308;;;3168;3122;3125;3036;3224;2984;3326;3409;2989;3432;3168;3122;3125;3036;3224;2984;3326;3409;2989;3432;3122;3125;3224;3036;3326;3409;2989;3432;3183;3102;3151;3150;3122;3125;3036;3504;3326;3409;3224;3432;3102;3151;3150;3183;3036;3504;3102;3151;3150;3183;3036;3504;3122;3125;3036;3150;3326;3409;3151;3504;3122;3125;3036;3326;3409;3151;2989;3183;3326;3409;3168;3043;3435;2989;3183;;;;
103;3402;3466;3109;2994;3101;3135;3170;3113;3369;3191;3384;3010;3342;3298;3373;3436;3099;3492;;;3135;3466;3109;2994;3369;3402;3010;3113;3373;3298;3135;3466;3109;2994;3369;3402;3010;3113;3373;3298;3170;3466;3369;2994;3109;3010;3298;3373;3466;3113;3101;3191;3010;3170;2994;3373;3342;3109;3369;3298;3113;3101;3191;3466;2994;3373;3113;3101;3191;3466;2994;3373;3170;3466;2994;3101;3109;3010;3369;3191;3170;3466;2994;3109;3010;3101;3466;3384;3099;3402;3135;3006;3440;3466;3402;;;;
104;3237;3039;3404;3235;3353;3437;3005;3053;3257;3189;3238;3261;3118;3197;5029;3176;3371;3179;;;3237;3005;3179;3261;3235;3053;3437;3404;3257;3353;3237;3005;3179;3261;3235;3053;3437;3404;3257;3353;3261;3005;3437;3235;3179;3371;3353;3257;3404;3039;3197;5029;3118;3053;3235;3353;3005;3261;3257;3189;3039;3197;5029;3404;3235;3353;3039;3197;5029;3404;3235;3353;3005;3039;3235;3353;3404;3261;3257;3189;3005;3039;3235;3404;3261;3257;3261;3179;3237;3039;3053;3272;3034;3005;3261;;;;
105;3284;3048;3315;3050;3079;3054;3282;3468;3307;3262;3148;3356;2999;3424;3175;3089;3169;3481;;;3284;3282;3315;3054;3262;3468;3356;2999;3424;3307;3284;3282;3315;3054;3262;3468;3356;2999;3424;3307;3282;3284;3054;3262;3468;3356;3307;3424;3048;3089;3050;3175;3284;3169;3307;3079;3054;3282;3424;3262;3089;3050;3175;3048;3307;3079;3089;3050;3175;3048;3307;3079;3284;3048;3050;3079;3054;3282;3307;3262;3284;3048;3050;3054;3282;3079;3284;3048;3054;3148;3282;3141;4873;3468;3356;;;;
106;3728;3739;3603;3562;3610;3629;3885;3807;3735;3664;3790;3550;3910;3847;3576;3571;3932;3929;;;3629;3739;3807;3664;3576;3790;3885;3603;3550;3562;3629;3739;3807;3664;3576;3790;3885;3603;3550;3562;3885;3739;3576;3664;3932;3550;3910;3562;3728;3603;3562;3610;3739;3885;3735;3664;3932;3550;3847;3576;3728;3562;3610;3603;3735;3664;3728;3562;3610;3603;3735;3664;3739;3728;3562;3610;3550;3885;3735;3664;3739;3728;3562;3550;3885;3735;3571;3550;3790;3885;3910;3751;4810;3728;3571;;;;
107;3756;3639;3851;3642;3822;3648;3834;3630;3874;3551;3685;3769;3833;3585;3792;3937;3540;3640;;;3756;3639;3851;3874;3585;3685;3834;3630;3769;3792;3756;3639;3851;3874;3585;3685;3834;3630;3769;3792;3834;3639;3769;3874;3756;3851;3792;3585;3640;3648;3642;3551;3834;3639;3874;3822;3851;3769;3585;3792;3648;3642;3551;3640;3874;3822;3648;3642;3551;3640;3874;3822;3834;3639;3642;3822;3769;3851;3874;3551;3834;3639;3642;3769;3851;3874;3540;3630;3769;3648;3851;3530;3909;3834;3630;;;;
108;3560;3675;3930;3658;3531;3591;3657;3518;3619;3524;3609;3534;3669;3638;5026;3768;3782;3612;;;3591;3534;3930;3531;3658;3612;3518;3669;3782;3524;3591;3534;3930;3531;3658;3612;3782;3518;3560;3524;3591;3534;3612;3531;3518;3782;3560;3658;3675;3560;3638;3658;3657;3768;5026;3531;3609;3669;3619;3524;3560;3638;3658;3675;5026;3531;3560;3638;3658;3675;5026;3531;3675;3560;3658;3531;3534;3657;3619;3524;3675;3560;3531;3534;3657;3658;3768;3675;3657;3609;3560;3906;3513;3591;3609;;;;
109;3628;3886;3581;3670;3926;3608;3631;3683;3877;3753;3893;3654;3553;3671;3862;3853;3690;3917;;;3628;3886;3553;3631;3753;3608;3853;3581;3917;3670;3628;3886;3553;3631;3753;3608;3853;3581;3917;3670;3628;3886;3631;3753;3917;3853;3553;3670;3690;3654;3670;3926;3581;3608;3877;3862;3683;3893;3671;3753;3654;3670;3926;3690;3877;3862;3654;3670;3926;3690;3877;3862;3886;3628;3670;3926;3631;3654;3877;3753;3886;3628;3670;3654;3631;3877;3690;3628;3608;3853;3886;3635;5322;3853;3608;;;;
110;3617;3533;3831;3607;3582;3632;3547;3852;3700;5087;3787;3572;3761;3740;3783;3574;3592;3726;;;3617;3533;3852;3582;3607;3632;3547;3761;3592;3783;3617;3533;3852;3582;3607;3632;3547;3761;3592;3783;3617;3533;3852;3582;3761;3547;3592;3607;3726;3574;3700;3582;3572;3831;3607;5087;3533;3632;3740;3783;3726;3700;3582;3574;3607;5087;3726;3700;3582;3574;3607;5087;3617;3533;3607;3582;3852;3831;3700;5087;3617;3533;3607;3852;3831;3700;3533;3547;3852;3617;3572;3548;3663;3617;3533;;;;
111;3705;3532;3578;3538;3863;3725;3649;3643;3561;3895;3672;3526;3701;3824;3595;3892;3721;3626;;;3705;3532;3578;3725;3561;3721;3649;3643;3526;3824;3705;3532;3578;3725;3561;3721;3649;3643;3526;3824;3725;3705;3532;3561;3526;3721;3649;3824;3532;3672;3538;3863;3578;3649;3561;3895;3701;3643;3824;3595;3672;3538;3863;3532;3561;3895;3672;3538;3863;3532;3561;3895;3532;3705;3538;3863;3578;3649;3561;3895;3532;3705;3538;3578;3649;3561;3705;3672;3532;3721;3701;3589;3857;3705;3532;;;;
112;3684;3556;3600;3625;3830;3678;3814;3622;3662;3836;3693;3842;3856;3634;3564;3925;3771;3749;;;3693;3842;3622;3634;3625;3678;3771;3600;3556;3662;3693;3622;3600;3634;3625;3678;3842;3856;3771;3662;3622;3842;3771;3634;3814;3556;3662;3625;3600;3684;3564;3830;3556;3814;3836;3662;3925;3749;3625;3634;3600;3564;3830;3684;3836;3662;3600;3564;3830;3684;3836;3662;3556;3600;3625;3830;3814;3684;3662;3836;3556;3600;3625;3814;3684;3662;3693;3684;3600;3678;3622;3580;3712;3600;3925;;;;
113;3563;3623;3586;3734;3594;3674;3517;3724;3878;3744;3666;3876;3525;3539;3888;3569;3823;3858;;;3563;3876;3586;3734;3594;3674;3525;3724;3823;3888;3563;3876;3586;3734;3594;3666;3674;3724;3525;3888;3876;3563;3586;3734;3525;3674;3823;3594;3517;3623;3539;3594;3569;3666;3878;3744;3563;3876;3734;3888;3623;3539;3594;3517;3878;3744;3623;3539;3594;3517;3878;3744;3517;3623;3734;3594;3876;3563;3878;3744;3517;3623;3734;3876;3563;3594;3823;3586;3724;3594;3525;3882;3602;3623;3586;;;;
114;3650;3515;3742;3689;3813;3549;3641;3544;3800;3604;3820;3624;3511;3808;3812;3786;3933;3615;;;3650;3624;3742;3812;3813;3820;3515;3511;3689;3800;3650;3624;3742;3812;3813;3820;3515;3511;3689;3800;3515;3624;3813;3812;3820;3650;3800;3689;3544;3549;3808;3604;3641;3933;3689;3813;3615;3515;3800;3812;3544;3808;3604;3549;3689;3813;3544;3808;3604;3549;3689;3813;3650;3515;3800;3813;3641;3549;3689;3604;3650;3515;3813;3641;3549;3604;3742;3641;3820;3786;3549;3633;3901;3820;3515;;;;
115;3575;3859;3897;3841;3715;3605;3805;3839;3599;3661;3935;3527;3912;3660;3656;3784;3934;3919;;;3575;3859;3897;3805;3715;3605;3839;3784;3841;3661;3839;3859;3897;3805;3715;3575;3934;3784;3841;3661;3805;3859;3839;3715;3934;3897;3527;3841;3605;3575;3599;3661;3784;3935;3660;3656;3805;3859;3841;3715;3575;3599;3661;3605;3660;3656;3575;3599;3661;3605;3660;3656;3805;3859;3841;3715;3897;3839;3599;3661;3805;3859;3715;3897;3839;3841;3527;3605;3897;3919;3841;3907;3887;3934;3859;;;;
116;3695;3659;3682;3543;3890;3673;3677;3855;3698;3850;3620;3748;3845;3541;3646;3873;3743;3825;;;3695;3659;3855;3543;3850;3620;3748;3682;3743;3698;3695;3659;3855;3543;3850;3620;3748;3682;3743;3698;3695;3659;3620;3543;3743;3748;3855;3850;3677;3673;3698;3890;3682;3825;3541;3850;3695;3659;3646;3543;3677;3698;3890;3673;3541;3850;3677;3698;3890;3673;3541;3850;3677;3659;3543;3890;3673;3695;3698;3850;3677;3659;3543;3673;3695;3698;3659;3682;3677;3620;3873;3613;3512;3659;3677;;;;
117;3720;3875;3747;3577;3703;3568;3555;3779;3884;3588;3936;3883;3797;3714;3718;3598;3785;3943;;;3720;3875;3747;3588;3714;3568;3555;3797;3883;3718;3720;3875;3747;3588;3714;3568;3555;3797;3883;3718;3555;3875;3714;3588;3883;3747;3785;3718;3720;3568;3577;3703;3875;3936;3884;3588;3555;3747;3714;3718;3720;3577;3703;3568;3884;3588;3720;3577;3703;3568;3884;3588;3555;3875;3577;3703;3883;3747;3884;3588;3555;3875;3577;3883;3747;3884;3875;3555;3568;3936;3598;3754;3913;3875;3747;;;;
118;3704;3854;3802;3655;3691;3765;3535;3687;3844;3590;3921;3567;3772;3759;3923;3881;3709;3928;;;3704;3854;3802;3535;3759;3765;3567;3772;3709;3655;3704;3854;3802;3535;3759;3765;3567;3772;3709;3655;3535;3854;3567;3759;3802;3709;3928;3655;3704;3802;3655;3691;3687;3881;3844;3923;3765;3921;3759;3590;3802;3655;3691;3704;3844;3923;3802;3655;3691;3704;3844;3923;3704;3802;3655;3691;3535;3854;3844;3590;3704;3802;3655;3535;3854;3691;3704;3687;3567;3709;3881;3692;3676;3854;3704;;;;
119;3818;3706;3694;3566;3736;3889;3880;3702;3707;3778;3719;3686;3757;3848;3758;3944;3795;3559;;;3818;3706;3694;3566;3707;3719;3686;3702;3736;3758;3818;3706;3694;3566;3707;3719;3686;3702;3736;3758;3818;3694;3707;3566;3686;3706;3702;3736;3889;3880;3848;3736;3818;3694;3566;3778;3686;3706;3707;3758;3880;3848;3736;3889;3566;3778;3880;3848;3736;3889;3566;3778;3818;3694;3566;3736;3880;3706;3707;3778;3818;3694;3566;3880;3706;3707;3757;3795;3880;3559;3702;3558;3716;3818;3880;;;;
120;3680;3710;3843;3733;3699;3681;3821;3905;3867;3644;3647;3536;3645;3908;3915;3519;3746;3826;;;3647;3710;3826;3821;3699;3680;3536;3843;3746;3644;3647;3710;3826;3821;3699;3680;3536;3843;3746;3644;3821;3710;3536;3699;3647;3746;3826;3644;3680;3681;3733;3699;3519;3843;3908;3644;3905;3645;3867;3915;3680;3733;3699;3681;3908;3644;3680;3733;3699;3681;3908;3644;3821;3710;3733;3699;3746;3536;3867;3644;3821;3710;3733;3746;3536;3699;3710;3645;3746;3536;3821;3801;4903;3821;3680;;;;
121;3554;3573;3616;3846;3730;3775;3891;3522;3750;3528;3829;3770;3597;3809;3938;3741;4917;3764;;;3775;3573;3616;3846;3750;3829;3891;3522;3809;3938;3775;3573;3616;3750;3846;3829;3891;3522;3809;3938;3573;3616;3846;3750;3891;3522;3938;3809;3616;3554;3528;3730;3522;3573;3750;3846;3597;3891;3809;3938;3554;3528;3730;3616;3846;3750;3554;3528;3730;3616;3846;3750;3573;3616;3846;3730;3891;3522;3750;3528;3573;3616;3846;3891;3522;3750;3829;3573;3554;3522;3764;3546;3870;3522;3770;;;;
122;3776;3697;3760;3723;3942;3946;3879;3939;3811;3618;3871;3819;3827;3869;3815;3520;3799;3565;;;3776;3697;3760;3723;3811;3946;3879;3939;3869;3618;3776;3697;3760;3723;3811;3946;3879;3939;3869;3618;3879;3697;3811;3723;3799;3819;3869;3618;3827;3697;3723;3942;3819;3879;3811;3618;3565;3799;3869;3815;3827;3723;3942;3697;3811;3618;3827;3723;3942;3697;3811;3618;3879;3697;3723;3942;3799;3819;3811;3618;3879;3697;3723;3760;3819;3811;3819;3776;3760;3697;3827;3537;3737;3879;3697;;;;
123;3652;3789;3781;3651;3810;3542;3667;3621;3665;3817;3529;3832;3763;3679;3872;3840;3668;3920;;;3652;3789;3781;3810;3872;3542;3832;3763;3817;3651;3652;3789;3781;3810;3872;3542;3832;3763;3817;3651;3832;3789;3781;3810;3667;3763;3817;3872;3652;3667;3651;3810;3668;3542;3665;3817;3840;3621;3679;3872;3667;3651;3810;3652;3665;3817;3667;3651;3810;3652;3665;3817;3667;3789;3651;3810;3542;3652;3665;3817;3667;3789;3651;3542;3652;3810;3529;3652;3781;3667;3789;3514;3898;3832;3652;;;;
